City,Diwali_Year,Before,During,After,Impact,Impact_Pct
Bengaluru,2019,50.4,64.2,80.4,-1.2,-1.9
Bengaluru,2020,78.1,53.2,58.7,-15.2,-22.3
Bengaluru,2021,87.0,58.2,85.9,-28.2,-32.7
Bengaluru,2022,57.3,113.6,89.0,40.5,55.3
Bengaluru,2023,48.9,114.6,95.6,42.4,58.7
Bengaluru,2024,96.1,121.2,79.4,33.4,38.1
Delhi,2019,236.6,335.2,419.6,7.1,2.2
Delhi,2020,428.0,344.6,254.4,3.4,1.0
Delhi,2021,251.4,379.6,416.1,45.8,13.7
Delhi,2022,232.0,281.8,378.9,-23.6,-7.7
Delhi,2023,430.7,294.0,365.6,-104.1,-26.2
Delhi,2024,311.7,312.0,370.0,-28.9,-8.5
Kolkata,2019,150.6,120.6,192.0,-50.7,-29.6
Kolkata,2020,189.7,147.0,194.7,-45.2,-23.5
Kolkata,2021,143.1,180.6,143.0,37.5,26.2
Kolkata,2022,92.0,76.6,125.6,-32.2,-29.6
Kolkata,2023,174.4,230.4,83.1,101.6,78.9
Kolkata,2024,67.3,120.4,128.1,22.7,23.2
Mumbai,2019,69.1,85.2,69.1,16.1,23.2
Mumbai,2020,148.4,152.6,159.6,-1.4,-0.9
Mumbai,2021,134.6,174.0,166.0,23.7,15.8
Mumbai,2022,91.4,142.6,148.0,22.9,19.1
Mumbai,2023,168.9,138.4,153.9,-23.0,-14.2
Mumbai,2024,110.1,146.8,150.1,16.7,12.8
